11,1,livehouse,1,NULL,NULL
8,0,二次元,1,,
3,0,体育,1,,
4,0,儿童亲子,1,,
20,6,室内乐及古乐,1,NULL,NULL
18,5,展会,1,NULL,NULL
5,0,展览休闲,1,,
21,7,戏曲,1,NULL,NULL
7,0,曲苑杂坛,1,,
13,2,歌剧,1,NULL,NULL
9,1,流行,1,NULL,NULL
1,0,演唱会,1,NULL,NULL
19,5,特色体验,1,NULL,NULL
14,3,球类运动,1,NULL,NULL
15,3,田径,1,NULL,NULL
16,3,电子竞技,1,NULL,NULL
22,7,相声,1,NULL,NULL
17,3,篮球,1,NULL,NULL
12,2,话剧,1,NULL,NULL
2,0,话剧歌剧,1,,
6,0,音乐会,1,,
10,1,音乐节,1,NULL,NULL
23,7,魔术,1,NULL,NULL
